"memberID";"member_name";"address";"phone_number";"membership_date"
1;"Chiarra Casella";"39 Delaware Circle";"133-549-9123";"2004-08-28"
2;"Shirline Byas";"959 Sullivan Street";"268-288-3588";"2016-06-19"
3;"Johan Siddall";"488 Sloan Avenue";"763-990-3551";"2013-03-19"
4;"Halie Laible";"90 Weeping Birch Court";"585-442-7676";"2017-04-06"
5;"Nichol Cod";"76 Anniversary Hill";"709-962-6237";"2002-04-13"
6;"Gannon Krop";"391 Anderson Crossing";"846-575-9612";"2018-06-23"
7;"Marsh Offner";"67 Acker Lane";"389-784-3254";"2012-08-16"
8;"Ruperto Osorio";"951 Calypso Crossing";"915-719-3281";"2002-08-10"
9;"Lucienne Evered";"5280 Butternut Pass";"276-242-7631";"2008-11-15"
10;"Arlinda Flips";"96 Northwestern Parkway";"896-814-0009";"2012-10-31"
11;"Garfield Pedrollo";"1 Mitchell Center";"864-833-4908";"2014-07-21"
12;"Wallace Dunseith";"95766 Hanson Crossing";"572-983-5354";"2003-12-22"
13;"Celia Jemmison";"0118 Vera Plaza";"129-516-8864";"2010-06-07"
14;"Emogene Doust";"63 Grover Center";"767-635-8734";"2018-12-31"
15;"Reynold Cromer";"2 Bellgrove Avenue";"211-510-8056";"2015-12-13"
16;"Gilbertina Dewbury";"251 Upham Point";"774-593-1264";"2006-02-19"
17;"Maryjo Gilfillan";"9 Badeau Way";"962-146-4856";"2011-05-07"
18;"Kaja Hitcham";"71 Caliangt Crossing";"715-345-9592";"2009-09-03"
19;"Patty Frail";"7222 Declaration Hill";"683-686-7889";"2012-10-07"
20;"Calhoun Surmeyers";"7968 Hintze Road";"561-378-4803";"2015-01-21"
21;"Aggie Braybrooks";"1632 Kedzie Crossing";"446-343-8935";"2016-02-26"
22;"Isabel Pead";"7 Sauthoff Plaza";"556-465-8419";"2012-11-29"
23;"Lebbie Elphinston";"1 Scoville Parkway";"265-516-8414";"2005-08-16"
24;"Kariotta Handaside";"7 Talisman Court";"315-136-5274";"2005-06-08"
25;"Nat Ortes";"7431 Bellgrove Plaza";"513-725-3311";"2003-11-21"
26;"Lucia Detheridge";"59523 Fordem Hill";"685-933-0939";"2022-07-08"
27;"Nil Korpal";"046 Old Gate Drive";"628-879-8010";"2008-01-23"
28;"Dinny Kohter";"89069 Rowland Trail";"362-902-6194";"2018-06-05"
29;"Inglis Landrieu";"324 Brickson Park Crossing";"570-217-1980";"2018-10-29"
30;"Frankie McEnhill";"928 Loeprich Center";"643-645-0314";"2021-04-04"
31;"Skye Trodler";"8831 Cherokee Drive";"125-297-8384";"2022-01-30"
32;"Kahlil Bercevelo";"3435 Fremont Crossing";"856-390-6790";"2024-01-02"
33;"Gerianna Lovatt";"732 Barby Alley";"306-335-2710";"2016-03-23"
34;"Felipe Curston";"2 Banding Way";"845-831-2317";"2013-09-18"
35;"Tobiah Falkingham";"83501 Hoard Way";"480-192-5391";"2009-01-29"
36;"Carita Tant";"33 Sherman Road";"495-924-7664";"2007-07-19"
37;"Tracy Croley";"12 Porter Court";"306-813-3406";"2023-02-28"
38;"Shirl McAughtry";"406 Butternut Road";"234-453-2525";"2017-04-14"
39;"Flossie Cabera";"9218 Anhalt Court";"528-724-3317";"2005-08-21"
40;"Skylar Pauly";"6535 Truax Center";"197-208-1288";"2005-03-29"
41;"Shane Phillis";"0014 Rutledge Lane";"131-320-9936";"2004-09-28"
42;"Clare Bannerman";"068 Myrtle Terrace";"799-950-6754";"2003-03-30"
43;"Rania Grewar";"4 Chive Hill";"267-853-5281";"2005-11-10"
44;"Consalve Hymans";"1971 Cascade Place";"643-831-2629";"2018-04-08"
45;"Joey MacGuiness";"3209 Huxley Street";"177-625-7083";"2011-11-29"
46;"Lazar Lorrimer";"16 Ridgeview Terrace";"160-447-5157";"2019-03-06"
47;"Sammy Howton";"211 Kennedy Pass";"398-195-5194";"2023-06-07"
48;"Carolus Matevosian";"2785 Towne Alley";"958-426-3626";"2008-05-28"
49;"Oran Annand";"66 Butterfield Lane";"744-457-9297";"2007-01-23"
50;"Elysia McTrusty";"2807 Mendota Alley";"900-396-7375";"2016-05-28"
51;"Kristo Brankley";"1 Dixon Road";"535-621-0714";"2003-09-20"
52;"Concordia Tedridge";"18020 Commercial Terrace";"106-833-9335";"2001-05-11"
53;"Darn Naile";"5 Independence Street";"768-862-8332";"2006-04-12"
54;"Lazaro Cancott";"70 Elka Street";"899-898-9623";"2013-03-10"
55;"Chelsey Corryer";"92171 Fairfield Park";"894-128-4692";"2023-05-24"
56;"Ellynn Tame";"0 Northfield Road";"620-589-5153";"2007-09-03"
57;"Adrienne Dunbabin";"423 Eagle Crest Center";"846-746-9056";"2019-03-15"
58;"Gare Grafom";"250 Morning Avenue";"389-962-0202";"2003-08-23"
59;"Mahalia Espinho";"6 Hayes Lane";"218-782-0767";"2008-09-13"
60;"Robena Pavia";"69 Red Cloud Place";"410-715-3592";"2014-02-17"
61;"Donnie Blagdon";"274 Bartillon Center";"844-343-1654";"2021-05-08"
62;"Debby Boughton";"8075 Shoshone Drive";"315-153-4694";"2017-02-27"
63;"Marne Damiral";"1416 Clyde Gallagher Park";"945-250-1475";"2013-01-15"
64;"Olimpia Fitchett";"12369 Hudson Court";"556-777-6882";"2002-06-15"
65;"Shena Strickett";"1 Spenser Center";"562-863-4349";"2012-06-30"
66;"Sollie Grocott";"77 Sutherland Junction";"916-745-2086";"2006-06-06"
67;"Corine Barrell";"3 Farragut Park";"328-692-8197";"2017-05-07"
68;"Maurine Stapleton";"481 Schlimgen Hill";"733-914-1685";"2002-01-01"
69;"Betteanne Gowdie";"78 Dapin Court";"590-595-3377";"2004-06-08"
70;"Danie Krysiak";"6623 Mendota Crossing";"552-738-9682";"2000-05-23"
71;"Aubrie Rowsel";"0769 Bunker Hill Drive";"281-350-3654";"2007-07-09"
72;"Alvera Isac";"9 Division Drive";"847-590-2308";"2008-04-04"
73;"Abraham Lott";"966 Arizona Junction";"884-832-4539";"2019-02-04"
74;"Burnaby Svanini";"24937 Anzinger Circle";"682-502-9693";"2005-07-17"
75;"Ashlin Janton";"4 Wayridge Trail";"125-797-5295";"2017-06-06"
76;"Culver Ingerfield";"030 Armistice Road";"643-672-2423";"2004-07-07"
77;"Farly Barkess";"810 Eastlawn Hill";"275-370-9725";"2016-04-22"
78;"Husain Gossipin";"8 Schmedeman Avenue";"321-235-8397";"2002-05-28"
79;"Melli Paladino";"583 Service Terrace";"268-667-0746";"2020-08-28"
80;"Vonni Cauderlie";"41981 Eastlawn Alley";"565-307-4600";"2012-06-19"
81;"Eyde Povah";"44606 Northridge Point";"521-517-1476";"2000-02-17"
82;"Marlo Diplock";"5 Schiller Junction";"673-164-8803";"2009-09-04"
83;"Shem Haestier";"432 Main Park";"185-439-1265";"2022-09-01"
84;"Goraud Chatwin";"134 Northwestern Point";"963-711-8472";"2022-05-05"
85;"Micki Swafield";"506 Morrow Avenue";"611-934-4131";"2022-09-28"
86;"Lanie Morit";"025 Dunning Alley";"962-303-4120";"2005-07-23"
87;"Rachael Rootes";"22 Farmco Center";"193-573-5639";"2016-04-14"
88;"Mead Cruz";"1 Lerdahl Trail";"485-208-7920";"2013-03-30"
89;"Demetris Trusler";"402 Clarendon Court";"395-733-9287";"2016-10-01"
90;"Ottilie Ahlin";"5 Roxbury Drive";"304-767-3479";"2015-08-13"
91;"Candra Spraggs";"8113 Anderson Court";"911-422-9724";"2007-12-13"
92;"Caitlin Mannakee";"9 Park Meadow Avenue";"448-119-0968";"2016-05-16"
93;"Della Gillise";"6 Lotheville Center";"773-551-1319";"2013-02-03"
94;"Jorge Gabbotts";"8 Village Green Alley";"184-418-9652";"2011-11-25"
95;"Thacher Sprulls";"5955 Mesta Way";"838-572-0269";"2023-12-29"
96;"Jessalin Smallbone";"62744 Hoffman Drive";"102-726-3176";"2007-07-26"
97;"Fanny Jikovsky";"3 Nevada Crossing";"843-162-4747";"2009-04-14"
98;"Adah Chanders";"45232 Dayton Crossing";"864-962-7505";"2018-08-04"
99;"Gaby Jewsbury";"29756 Sherman Point";"464-894-0540";"2018-07-03"
100;"Kimmie Gaylord";"698 Fulton Hill";"213-760-6675";"2008-03-23"
101;"Dolli Trim";"98 Oak Valley Road";"617-541-3221";"2020-06-07"
102;"Tobey Robrow";"1709 Southridge Crossing";"473-521-1318";"2007-07-08"
103;"Feliks Rooper";"061 Everett Parkway";"874-207-6374";"2004-03-11"
104;"Sonni Ruperto";"21143 South Center";"889-432-6830";"2013-10-25"
105;"Lucio Asser";"2740 Karstens Junction";"455-671-4286";"2022-09-14"
106;"Zachery O'Towey";"052 Monument Circle";"160-537-6800";"2015-05-24"
107;"Erroll Gwilliam";"3 Center Way";"756-323-4842";"2008-01-06"
108;"Timothea Antonchik";"2 Maryland Street";"489-731-7166";"2018-11-21"
109;"Barty Swatten";"4 Merry Way";"496-615-3811";"2000-03-21"
110;"Danna Mc Carrick";"18784 Dunning Street";"652-754-0866";"2007-12-22"
111;"Eyde Yezafovich";"581 Farwell Place";"753-311-1418";"2006-08-02"
112;"Maurits Pietzke";"647 Arizona Junction";"254-313-9614";"2020-01-13"
113;"Magdaia Skrines";"2 Helena Court";"114-995-2137";"2023-08-12"
114;"Worthington Ruddock";"51126 Coolidge Lane";"885-430-1251";"2018-03-07"
115;"Evangeline Petegree";"69 Schlimgen Crossing";"605-477-1675";"2008-07-31"
116;"Sigismundo Shanahan";"7839 Gulseth Parkway";"696-895-4095";"2023-09-17"
117;"Valle Kepling";"173 Farragut Crossing";"350-905-0789";"2022-08-09"
118;"Stephie Whitbread";"248 Meadow Valley Lane";"894-451-1164";"2015-01-03"
119;"Amata Gommes";"01 Hanover Center";"100-547-9816";"2014-04-24"
120;"Lucilia Kyston";"9661 Northview Road";"697-269-2000";"2013-02-12"
121;"Tuesday Brawson";"60 Amoth Parkway";"998-662-6003";"2012-09-29"
122;"Josey Seaborn";"076 Dwight Pass";"812-404-5635";"2006-04-21"
123;"Debbie Gaize";"2193 Hazelcrest Trail";"659-493-7989";"2020-11-28"
124;"Kaycee Sproson";"22789 Almo Hill";"881-251-8133";"2009-06-03"
125;"Silas Strutley";"67423 Crownhardt Lane";"246-829-9468";"2017-10-09"
126;"Haroun Harpur";"74875 Sunnyside Hill";"787-955-8426";"2021-10-29"
127;"Garrek Ever";"4 Clarendon Avenue";"136-339-9194";"2002-09-15"
128;"Keary Nuccii";"00449 Morningstar Way";"344-727-9670";"2008-10-11"
129;"Linette Pauluzzi";"7 Esker Point";"478-786-0576";"2007-08-01"
130;"Morly Bortolussi";"746 Straubel Drive";"602-710-0372";"2013-09-13"
131;"Jania Lumber";"85292 Roth Parkway";"961-681-9493";"2004-09-11"
132;"Trenton Sayer";"883 Hoard Crossing";"601-144-7671";"2008-11-10"
133;"Barbara-anne Nunes Nabarro";"24 La Follette Park";"919-641-1010";"2008-07-26"
134;"Berkly Curphey";"55426 Del Mar Plaza";"934-771-8063";"2009-08-22"
135;"Bo Triggs";"4526 Kinsman Parkway";"254-910-0115";"2020-03-06"
136;"Elmira Mesnard";"10739 Truax Alley";"606-750-2521";"2004-06-07"
137;"Correna Swiers";"641 Kipling Drive";"858-170-0679";"2000-08-31"
138;"Fawne Skeggs";"3 Paget Circle";"114-296-0999";"2007-01-25"
139;"Yolanthe Daniely";"39 Truax Trail";"292-819-0261";"2008-09-14"
140;"Padget Davidman";"87952 Steensland Parkway";"193-877-5386";"2010-09-29"
141;"Rainer Vondrasek";"0 Golf Course Crossing";"307-442-5349";"2017-08-23"
142;"Eward Gronauer";"7266 Old Gate Avenue";"334-462-3599";"2002-01-11"
143;"Karlik Hardwin";"87530 Meadow Vale Trail";"232-195-6411";"2023-05-27"
144;"Robinet Ucchino";"65 3rd Place";"551-243-0716";"2010-08-21"
145;"Glennis Towl";"73 Sunbrook Plaza";"162-468-3880";"2019-08-23"
146;"Ilaire Simonel";"01 Oak Valley Park";"370-143-7852";"2019-02-15"
147;"Cassi Earry";"50 Trailsway Terrace";"681-947-1235";"2013-09-05"
148;"Lanny Ollerhead";"3385 Heffernan Hill";"200-877-2153";"2001-04-24"
149;"Brita Mulqueeny";"7544 Brickson Park Court";"665-115-2403";"2015-06-29"
150;"Meta Nussen";"537 Bayside Hill";"125-223-3101";"2020-08-13"
151;"Cass Naper";"44 Monument Avenue";"547-186-7856";"2002-01-31"
152;"Bernardina Ziehm";"25809 Di Loreto Way";"763-321-3160";"2017-05-16"
153;"Addia O' Lone";"64984 Bartillon Place";"994-643-4228";"2021-01-14"
154;"Joella Lane";"3695 Melrose Alley";"681-282-9232";"2006-05-31"
155;"Bartholomeus Miners";"688 Independence Crossing";"465-679-9501";"2011-03-02"
156;"Nissa Truitt";"3746 Del Mar Point";"969-735-9546";"2010-10-22"
157;"Nahum Castelyn";"71010 4th Alley";"562-321-2543";"2002-03-31"
158;"Cara Smorthit";"93 Eliot Trail";"496-832-6464";"2008-10-04"
159;"Michelina Szwandt";"1747 Westend Park";"416-966-6320";"2023-02-07"
160;"Malvina Harefoot";"94352 Debra Parkway";"384-918-9674";"2016-03-20"
161;"Celina Duxbarry";"63096 Jackson Point";"933-711-3748";"2004-01-03"
162;"Kristoffer Napper";"41 Meadow Vale Circle";"335-234-5254";"2023-08-26"
163;"Yorke Garment";"5 Fair Oaks Park";"305-459-0245";"2000-09-24"
164;"Arnie Jerred";"91689 Monument Court";"514-430-4010";"2003-12-05"
165;"Jock Mathiasen";"3126 Sunbrook Drive";"830-417-4708";"2004-05-29"
166;"Zonda Dorey";"79740 Bonner Drive";"920-118-0071";"2009-10-27"
167;"Brandtr Deerr";"823 Loomis Junction";"721-530-1363";"2010-08-06"
168;"Koralle Caramuscia";"4184 Pine View Lane";"497-882-3913";"2002-02-20"
169;"Karen Pawel";"29 Anhalt Alley";"515-514-6194";"2022-07-26"
170;"Burnard Meysham";"82543 Harbort Avenue";"829-445-1788";"2002-06-08"
171;"Urbain Strut";"3 Myrtle Lane";"814-287-3774";"2023-11-25"
172;"Werner Delnevo";"98 Commercial Hill";"289-105-5617";"2009-07-27"
173;"Oneida Chadwin";"7 Texas Pass";"863-176-0797";"2003-06-25"
174;"Kelsy Choupin";"63940 Mendota Avenue";"529-269-4914";"2023-07-08"
175;"Oliy Schutze";"052 Briar Crest Hill";"733-411-9039";"2010-12-12"
176;"Daveen Wittier";"15289 Kim Pass";"458-306-2466";"2021-11-09"
177;"Wash Tomkinson";"428 Loeprich Road";"163-174-9480";"2015-04-19"
178;"Quintus Aubray";"4105 Hagan Circle";"387-921-1697";"2011-05-02"
179;"Haslett Bessent";"17334 Maple Wood Lane";"182-273-6680";"2011-01-21"
180;"Corabelle Adamthwaite";"87 Harbort Hill";"144-553-4767";"2003-07-26"
181;"Garvy Tremoulet";"601 Oakridge Street";"612-123-3856";"2000-10-09"
182;"Rikki Bellchamber";"36 Mayfield Place";"831-645-9738";"2013-01-24"
183;"Hillel Ney";"212 Reindahl Court";"770-202-8966";"2016-03-10"
184;"Jilli Habishaw";"8 Northview Lane";"714-506-1199";"2005-05-29"
185;"Tiena Bowgen";"53264 Evergreen Street";"222-249-4731";"2015-07-27"
186;"Hester Mowday";"9229 Rigney Hill";"384-646-2848";"2020-01-23"
187;"Ody Hull";"7649 Surrey Circle";"605-545-1064";"2014-12-17"
188;"Patsy Craigg";"15479 New Castle Junction";"882-235-4473";"2014-09-14"
189;"Cesaro Palk";"2809 Messerschmidt Alley";"986-580-4797";"2010-06-05"
190;"Cleon Delahunt";"2 Schurz Alley";"745-753-5718";"2009-10-06"
191;"Bjorn Road";"65300 Transport Terrace";"934-360-2702";"2022-10-02"
192;"Stanfield Vase";"4564 Badeau Parkway";"264-361-4322";"2006-01-29"
193;"Andrei Rosenqvist";"68903 Oneill Way";"831-316-2356";"2002-07-26"
194;"Conrade McCormack";"8 Carpenter Pass";"443-362-4577";"2021-05-25"
195;"Janka Frisch";"7 Daystar Avenue";"419-810-6843";"2006-11-27"
196;"Onfre Fenix";"3 Hovde Place";"561-535-3580";"2008-12-15"
197;"Emilio Noni";"693 South Pass";"161-635-8008";"2012-01-14"
198;"Irina Stansbie";"3 Texas Alley";"141-979-3406";"2014-03-18"
199;"Darsey Piesing";"19981 Eliot Point";"126-163-4589";"2019-01-03"
200;"Rem Glynn";"51 Crest Line Trail";"295-132-7621";"2004-09-28"
